model,val_acc,val_macro_f1,test_acc,test_macro_f1
LinearSVM,0.8779091949637543,0.8049502887420372,0.8738390092879257,0.7872678200323496
LogisticRegression,0.8561617703166731,0.7844185345817833,0.8555727554179566,0.7764643788433989
RandomForest,0.8706600534147272,0.7248466095231076,0.8747678018575852,0.718227511979458
MultinomialNB,0.8584509729111026,0.6630223954949102,0.8662538699690403,0.6660139462442726
